Workbook

Sheet Datos
A1: REGISTRO DE RENDIMIENTO DEL EQUIPO ORE SORTER
A2: Código | B2: Fecha | C2: Mina | D2: Peso Tolva [Kg] | E2: Ley Cabeza [gr/ton] | F2: Peso Retenido [Kg] | G2: Peso Ingresa Equipo [Kg] | H2: Peso Rechazo [Kg] | I2: Peso Rech. Veta [Kg] | J2: Ley RV [gr/ton] | K2: Peso Rech. Caja [Kg] | L2: Ley RC [gr/ton] | M2: Contenido Au miligramos [Mg] | N2: Peso Selectado [Kg] | O2: Peso Sel. Veta [Kg] | P2: Ley SV [gr/ton] | Q2: Peso Sel. Caja [Kg] | R2: Ley SC [gr/ton] | S2: Contenido Au miligramos [Mg] | T2: Peso Veta Total [Kg] | U2: Peso Caja Total [Kg] | V2: Reducción Masa [%] | W2: Rel. % Veta Post | X2: Rel. % Caja Post | Y2: Ley Rechazo Calc [gr/ton] | Z2: Ley Selectado Calc [gr/ton] | AA2: Recuperación Au Rechazo | AB2: Recuperación Au Selectado | AC2: Modelo | AD2: Confianza | AE2: Num Pasadas
A3: IM-SO-23 | B3: 46057 | C3: Bonanza | D3: 33.3 | E3: =(((H3*Y3)+(N3*Z3))/G3) -> 2.9003945 | F3: =+D3-(H3+N3) -> 13.02 | G3: =+H3+N3 -> 20.28 | H3: 16.92 | I3: 14.84 | J3: 3.57 | K3: 2.8 | L3: 0.25 | M3: =(H3*Y3) -> 53.6788 | N3: 3.36 | O3: 2.84 | P3: 1.77 | Q3: 0.52 | R3: 0.22 | S3: =(N3*Z3) -> 5.1412 | T3: =O3+I3 -> 17.68 | U3: =Q3+K3 -> 3.32 | V3: =(N3/G3)*100 -> 16.568047 | W3: 87.7069 | X3: 16.5485 | Y3: =(((I3*J3)+(K3*L3))/H3) -> 3.1725059 | Z3: =(((O3*P3)+(Q3*R3))/N3) -> 1.530119 | AA3: =((M3/(M3+S3))) -> 0.91259436 | AB3: =((S3/(M3+S3))) -> 0.087405644 | AC3: ONE_CLASS | AD3: 0.5 | AE3: 2
A4: IM-SO-24 | B4: 46063 | C4: Bonanza | D4: 62.9 | E4: =(((H4*Y4)+(N4*Z4))/G4) -> 2.8921585 | F4: =+D4-(H4+N4) -> 5.5 | G4: =+H4+N4 -> 57.4 | H4: 29.46 | I4: 12.95 | J4: 11.37 | K4: 12.16 | L4: 0.07 | M4: =(H4*Y4) -> 148.0927 | N4: 27.94 | O4: 3.78 | P4: 3.59 | Q4: 20.7 | R4: 0.21 | S4: =(N4*Z4) -> 17.9172 | T4: =O4+I4 -> 16.73 | U4: =Q4+K4 -> 32.86 | V4: =(N4/G4)*100 -> 48.675958 | W4: 43.9579 | X4: 41.2763 | Y4: =(((I4*J4)+(K4*L4))/H4) -> 5.0269077 | Z4: =(((O4*P4)+(Q4*R4))/N4) -> 0.64127416 | AA4: =((M4/(M4+S4))) -> 0.8920715 | AB4: =((S4/(M4+S4))) -> 0.1079285 | AC4: ONE_CLASS | AD4: 0.5 | AE4: 2
A5: IM-SO-25 | B5: 46065 | C5: Bonanza | D5: 96.18 | E5: =(((H5*Y5)+(N5*Z5))/G5) -> 2.2077812 | F5: =+D5-(H5+N5) -> 18.48 | G5: =+H5+N5 -> 77.7 | H5: 48.84 | I5: 38.12 | J5: 4.2 | K5: 6.38 | L5: 0.95 | M5: =(H5*Y5) -> 166.165 | N5: 28.86 | O5: 6.3 | P5: 0.62 | Q5: 18.42 | R5: 0.08 | S5: =(N5*Z5) -> 5.3796 | T5: =O5+I5 -> 44.42 | U5: =Q5+K5 -> 24.8 | V5: =(N5/G5)*100 -> 37.142857 | W5: 78.0508 | X5: 13.0631 | Y5: =(((I5*J5)+(K5*L5))/H5) -> 3.4022318 | Z5: =(((O5*P5)+(Q5*R5))/N5) -> 0.18640333 | AA5: =((M5/(M5+S5))) -> 0.96864023 | AB5: =((S5/(M5+S5))) -> 0.031359775 | AC5: ONE_CLASS | AD5: 0.5 | AE5: 2
A6: IM-SO-25 | B6: 46072 | C6: Bonanza | D6: 108.15 | E6: =(((H6*Y6)+(N6*Z6))/G6) -> 3.1718318 | F6: =+D6-(H6+N6) -> 26.59 | G6: =+H6+N6 -> 81.56 | H6: 60.1 | I6: 35.36 | J6: 4.49 | K6: 18.72 | L6: 0.11 | M6: =(H6*Y6) -> 160.8256 | N6: 21.46 | O6: 6.7 | P6: 14.39 | Q6: 10.4 | R6: 0.14 | S6: =(N6*Z6) -> 97.869 | T6: =O6+I6 -> 42.06 | U6: =Q6+K6 -> 29.12 | V6: =(N6/G6)*100 -> 26.311918 | W6: =(I6/H6)*100 -> 58.835275 | X6: =(K6/I6)*100 -> 52.941176 | Y6: =(((I6*J6)+(K6*L6))/H6) -> 2.6759667 | Z6: =(((O6*P6)+(Q6*R6))/N6) -> 4.5605312 | AA6: =((M6/(M6+S6))) -> 0.62168132 | AB6: =((S6/(M6+S6))) -> 0.37831868 | AC6: ONE_CLASS | AD6: 0.8 | AE6: 2
A7: IM-SO-27 | B7: 46079 | C7: Bonanza | D7: 101 | E7: =(((H7*Y7)+(N7*Z7))/G7) -> 2.757807 | F7: =+D7-(H7+N7) -> 31.78 | G7: =+H7+N7 -> 69.22 | H7: 28.7 | I7: 19.08 | J7: 7.52 | K7: 9.62 | L7: 0.45 | M7: =(H7*Y7) -> 147.8106 | N7: 40.52 | O7: 11.12 | P7: 3.24 | Q7: 29.4 | R7: 0.24 | S7: =(N7*Z7) -> 43.0848 | T7: =O7+I7 -> 30.2 | U7: =Q7+K7 -> 39.02 | V7: =(N7/G7)*100 -> 58.537995 | W7: =(I7/H7)*100 -> 66.480836 | X7: =(K7/H7)*100 -> 33.519164 | Y7: =(((I7*J7)+(K7*L7))/H7) -> 5.1501951 | Z7: =(((O7*P7)+(Q7*R7))/N7) -> 1.0632971 | AA7: =((M7/(M7+S7))) -> 0.77430153 | AB7: =((S7/(M7+S7))) -> 0.22569847 | AC7: BZA-V1-CH-0,43% | AD7: 0.8 | AE7: 1
A8: IM-SO-28 | B8: 46086 | C8: Bonanza | D8: 96.18 | E8: =(((H8*Y8)+(N8*Z8))/G8) -> 1.173126 | F8: =+D8-(H8+N8) -> 10.32 | G8: =+H8+N8 -> 85.86 | H8: 66 | I8: 21.92 | J8: 3.87 | K8: 44.08 | L8: 0.19 | M8: =(H8*Y8) -> 93.2056 | N8: 19.86 | O8: 2.54 | P8: 0.71 | Q8: 17.32 | R8: 0.33 | S8: =(N8*Z8) -> 7.519 | T8: =O8+I8 -> 24.46 | U8: =Q8+K8 -> 61.4 | V8: =(N8/G8)*100 -> 23.130678 | W8: =(I8/H8)*100 -> 33.212121 | X8: =(K8/H8)*100 -> 66.787879 | Y8: =(((I8*J8)+(K8*L8))/H8) -> 1.4122061 | Z8: =(((O8*P8)+(Q8*R8))/N8) -> 0.3786002 | AA8: =((M8/(M8+S8))) -> 0.92535091 | AB8: =((S8/(M8+S8))) -> 0.074649093 | AC8: BZA-V1-CH-0,43% | AD8: 0.9 | AE8: 2
A9: IM-SO-29 | B9: 46098 | C9: Bonanza | D9: 197.16 | E9: =(((H9*Y9)+(N9*Z9))/G9) -> 1.8472621 | F9: =+D9-(H9+N9) -> 34.27 | G9: =+H9+N9 -> 162.89 | H9: 135.94 | I9: 54.96 | J9: 4.49 | K9: 80.976 | L9: 0.47 | M9: =(H9*Y9) -> 284.82912 | N9: 26.95 | O9: 1.85 | P9: 2.18 | Q9: 25.08 | R9: 0.48 | S9: =(N9*Z9) -> 16.0714 | T9: =O9+I9 -> 56.81 | U9: =Q9+K9 -> 106.056 | V9: =(N9/G9)*100 -> 16.544908 | W9: =(I9/H9)*100 -> 40.429601 | X9: =(K9/H9)*100 -> 59.567456 | Y9: =(((I9*J9)+(K9*L9))/H9) -> 2.0952561 | Z9: =(((O9*P9)+(Q9*R9))/N9) -> 0.59634137 | AA9: =((M9/(M9+S9))) -> 0.94658899 | AB9: =((S9/(M9+S9))) -> 0.053411008 | AC9: BZA-V1-CH-0,43% | AD9: 0.9 | AE9: 2
A10: IM-SO-31 | B10: 46157 | C10: Tenguel | D10: 30 | E10: =(((H10*Y10)+(N10*Z10))/G10) -> 1.3955588 | F10: =+D10-(H10+N10) -> 2.8 | G10: =+H10+N10 -> 27.2 | H10: 15.8 | I10: 6.86 | J10: 3.96 | K10: 8.94 | L10: 0.26 | M10: =(H10*Y10) -> 29.49 | N10: 11.4 | O10: 2.38 | P10: 2.99 | Q10: 9.02 | R10: 0.15 | S10: =(N10*Z10) -> 8.4692 | T10: =O10+I10 -> 9.24 | U10: =Q10+K10 -> 17.96 | V10: =(N10/G10)*100 -> 41.911765 | W10: =(I10/H10)*100 -> 43.417722 | X10: =(K10/H10)*100 -> 56.582278 | Y10: =(((I10*J10)+(K10*L10))/H10) -> 1.8664557 | Z10: =(((O10*P10)+(Q10*R10))/N10) -> 0.74291228 | AA10: =((M10/(M10+S10))) -> 0.77688676 | AB10: =((S10/(M10+S10))) -> 0.22311324 | AC10: TNGL-V1-GRN35-0,4%-HR-WR | AD10: 0.93 | AE10: 2
A11: IM-SO-32 | B11: 46163 | C11: Tenguel | D11: 83.46 | E11: =(((H11*Y11)+(N11*Z11))/G11) -> 0.86637104 | F11: =+D11-(H11+N11) -> 14.68 | G11: =+H11+N11 -> 68.78 | H11: 51.68 | I11: 32.44 | J11: 1.6 | K11: 19.24 | L11: 0.15 | M11: =(H11*Y11) -> 54.79 | N11: 17.1 | O11: 6.52 | P11: 0.59 | Q11: 10.58 | R11: 0.09 | S11: =(N11*Z11) -> 4.799 | T11: =O11+I11 -> 38.96 | U11: =Q11+K11 -> 29.82 | V11: =(N11/G11)*100 -> 24.861878 | W11: =(I11/H11)*100 -> 62.770898 | X11: =(K11/H11)*100 -> 37.229102 | Y11: =(((I11*J11)+(K11*L11))/H11) -> 1.060178 | Z11: =(((O11*P11)+(Q11*R11))/N11) -> 0.28064327 | AA11: =((M11/(M11+S11))) -> 0.919465 | AB11: =((S11/(M11+S11))) -> 0.080534998 | AC11: TNGL-V1-GRN35-0,4%-HR-WR | AD11: 0.93 | AE11: 2

Sheet Dashboard
A1: DASHBOARD ORE SORTER — RENDIMIENTO METALÚRGICO
A2: INDICADORES CLAVE (ver hoja KPIs para detalle completo)
A3: Recup. Au Rech. | E3: Pérdida Au Sel. | I3: Ratio Enriq. | M3: Ef. Captura Veta | Q3: Ef. Desc. Caja
A4: =KPIs!C3 -> 85.973118 | E4: =KPIs!C4 -> 14.026882 | I4: =KPIs!C5 -> 2.9231803 | M4: =KPIs!C6 -> 81.775632 | Q4: =KPIs!C7 -> 45.729495
A6: Red. Masa | E6: Mat. Retenido | I6: Contam. Rech. | M6: Diluc. Select.
A7: =KPIs!C8 -> 32.631778 | E7: =KPIs!C9 -> 19.194595 | I7: =KPIs!C10 -> 40.571714 | M7: =KPIs!C11 -> 28.248187

Sheet KPIs
A1: INDICADORES CLAVE DE RENDIMIENTO (KPIs)
A2: KPI | B2: Fórmula | C2: Promedio | D2: Última Prueba | E2: Penúltima Prueba | F2: Semáforo
A3: 1. Recuperación Au en Rechazo (%) | B3: recuperacion_au_rechazo × 100 | C3: =AVERAGE(Datos!AA3:AA11)*100 -> 85.973118 | D3: =Datos!AA11*100 -> 91.9465 | E3: =Datos!AA10*100 -> 77.688676 | F3: =IF(D3>E3,"▲ Mejora","▼ Baja") -> ▲ Mejora
A4: 2. Pérdida Au en Selectado (%) | B4: recuperacion_au_selectado × 100 | C4: =AVERAGE(Datos!AB3:AB11)*100 -> 14.026882 | D4: =Datos!AB11*100 -> 8.0534998 | E4: =Datos!AB10*100 -> 22.311324 | F4: =IF(D4>E4,"▲ Mejora","▼ Baja") -> ▼ Baja
A5: 3. Ratio de Enriquecimiento | B5: (Ley_Rech×100) / ((P_Rech/P_Tolva×100) × Ley_Cab) | C5: =AVERAGE(Datos!Y3*100/(Datos!H3/Datos!D3*100*Datos!E3),Datos!Y4*100/(Datos!H4/Datos!D4*100*Datos!E4),Datos!Y5*100/(Datos!H5/Datos!D5*100*Datos!E5),Datos!Y7*100/(Datos!H7/Datos!D7*100*Datos!E7),Datos!Y8*100/(Datos!H8/Datos!D8*100*Datos!E8),Datos!Y9*100/(Datos!H9/Datos!D9*100*Datos!E9),Datos!Y10*100/(Datos!H10/Datos!D10*100*Datos!E10),Datos!Y11*100/(Datos!H11/Datos!D11*100*Datos!E11)) -> 2.9231803 | D5: =Datos!Y11*100/(Datos!H11/Datos!D11*100*Datos!E11) -> 1.9761993 | E5: =Datos!Y10*100/(Datos!H10/Datos!D10*100*Datos!E10) -> 2.5394152 | F5: =IF(D5>E5,"▲ Mejora","▼ Baja") -> ▼ Baja
A6: 4. Eficiencia Captura Veta (%) | B6: P_Rech_Veta / (P_Rech_Veta + P_Sel_Veta) × 100 | C6: =AVERAGE(Datos!I3/(Datos!I3+Datos!O3),Datos!I4/(Datos!I4+Datos!O4),Datos!I5/(Datos!I5+Datos!O5),Datos!I7/(Datos!I7+Datos!O7),Datos!I8/(Datos!I8+Datos!O8),Datos!I9/(Datos!I9+Datos!O9),Datos!I10/(Datos!I10+Datos!O10),Datos!I11/(Datos!I11+Datos!O11))*100 -> 81.775632 | D6: =Datos!I11/(Datos!I11+Datos!O11)*100 -> 83.264887 | E6: =Datos!I10/(Datos!I10+Datos!O10)*100 -> 74.242424 | F6: =IF(D6>E6,"▲ Mejora","▼ Baja") -> ▲ Mejora
A7: 5. Eficiencia Descarte Caja (%) | B7: P_Sel_Caja / (P_Rech_Caja + P_Sel_Caja) × 100 | C7: =AVERAGE(Datos!Q3/(Datos!K3+Datos!Q3),Datos!Q4/(Datos!K4+Datos!Q4),Datos!Q5/(Datos!K5+Datos!Q5),Datos!Q7/(Datos!K7+Datos!Q7),Datos!Q8/(Datos!K8+Datos!Q8),Datos!Q9/(Datos!K9+Datos!Q9),Datos!Q10/(Datos!K10+Datos!Q10),Datos!Q11/(Datos!K11+Datos!Q11))*100 -> 45.729495 | D7: =Datos!Q11/(Datos!K11+Datos!Q11)*100 -> 35.479544 | E7: =Datos!Q10/(Datos!K10+Datos!Q10)*100 -> 50.222717 | F7: =IF(D7>E7,"▲ Mejora","▼ Baja") -> ▼ Baja
A8: 6. Reducción de Masa (%) | B8: Directo del Excel | C8: =AVERAGE(Datos!V3:V11) -> 32.631778 | D8: =Datos!V11 -> 24.861878 | E8: =Datos!V10 -> 41.911765 | F8: =IF(D8>E8,"▲ Mejora","▼ Baja") -> ▼ Baja
A9: 7. Material Retenido (%) | B9: peso_retenido / peso_tolva × 100 | C9: =AVERAGE(Datos!F3/Datos!D3,Datos!F4/Datos!D4,Datos!F5/Datos!D5,Datos!F7/Datos!D7,Datos!F8/Datos!D8,Datos!F9/Datos!D9,Datos!F10/Datos!D10,Datos!F11/Datos!D11)*100 -> 19.194595 | D9: =Datos!F11/Datos!D11*100 -> 17.589264 | E9: =Datos!F10/Datos!D10*100 -> 9.3333333 | F9: =IF(D9>E9,"▲ Mejora","▼ Baja") -> ▲ Mejora
A10: 8. Índ. Contaminación Rechazo (%) | B10: P_Rech_Caja / P_Rechazo × 100 | C10: =AVERAGE(Datos!K3/Datos!H3,Datos!K4/Datos!H4,Datos!K5/Datos!H5,Datos!K7/Datos!H7,Datos!K8/Datos!H8,Datos!K9/Datos!H9,Datos!K10/Datos!H10,Datos!K11/Datos!H11)*100 -> 40.571714 | D10: =Datos!K11/Datos!H11*100 -> 37.229102 | E10: =Datos!K10/Datos!H10*100 -> 56.582278 | F10: =IF(D10>E10,"▲ Mejora","▼ Baja") -> ▼ Baja
A11: 9. Índ. Dilución Selectado (%) | B11: P_Sel_Veta / P_Selectado × 100 | C11: =AVERAGE(Datos!O3/Datos!N3,Datos!O4/Datos!N4,Datos!O5/Datos!N5,Datos!O7/Datos!N7,Datos!O8/Datos!N8,Datos!O9/Datos!N9,Datos!O10/Datos!N10,Datos!O11/Datos!N11)*100 -> 28.248187 | D11: =Datos!O11/Datos!N11*100 -> 38.128655 | E11: =Datos!O10/Datos!N10*100 -> 20.877193 | F11: =IF(D11>E11,"▲ Mejora","▼ Baja") -> ▲ Mejora

Sheet Calc
A1: CÁLCULOS AUXILIARES PARA GRÁFICOS
A2: Código | B2: Recup. Au (%) | C2: Ley Rechazo | D2: Ley Selectado | E2: Ley Cabeza | F2: % Retenido | G2: Ratio Enriq. | H2: Ef. Captura Veta (%) | I2: Ef. Descarte Caja (%) | J2: Contam. Rechazo (%) | K2: Dilución Select. (%) | L2: % Veta en Rechazo | M2: % Caja en Rechazo | N2: % Veta en Selectado | O2: % Caja en Selectado
A3: =Datos!A3 -> IM-SO-23 | B3: =Datos!AA3*100 -> 91.259436 | C3: =Datos!Y3 -> 3.1725059 | D3: =Datos!Z3 -> 1.530119 | E3: =Datos!E3 -> 2.9003945 | F3: =IF(Datos!D3=0,0,Datos!F3/Datos!D3*100) -> 39.099099 | G3: =IF(Datos!H3/Datos!D3*100*Datos!E3=0,0,Datos!Y3*100/(Datos!H3/Datos!D3*100*Datos!E3)) -> 2.1527284 | H3: =IF(Datos!I3+Datos!O3=0,0,Datos!I3/(Datos!I3+Datos!O3)*100) -> 83.936652 | I3: =IF(Datos!K3+Datos!Q3=0,0,Datos!Q3/(Datos!K3+Datos!Q3)*100) -> 15.662651 | J3: =IF(Datos!H3=0,0,Datos!K3/Datos!H3*100) -> 16.548463 | K3: =IF(Datos!N3=0,0,Datos!O3/Datos!N3*100) -> 84.52381 | L3: =IF(Datos!H3=0,0,Datos!I3/Datos!H3*100) -> 87.706856 | M3: =IF(Datos!H3=0,0,Datos!K3/Datos!H3*100) -> 16.548463 | N3: =IF(Datos!N3=0,0,Datos!O3/Datos!N3*100) -> 84.52381 | O3: =IF(Datos!N3=0,0,Datos!Q3/Datos!N3*100) -> 15.47619
A4: =Datos!A4 -> IM-SO-24 | B4: =Datos!AA4*100 -> 89.20715 | C4: =Datos!Y4 -> 5.0269077 | D4: =Datos!Z4 -> 0.64127416 | E4: =Datos!E4 -> 2.8921585 | F4: =IF(Datos!D4=0,0,Datos!F4/Datos!D4*100) -> 8.7440382 | G4: =IF(Datos!H4/Datos!D4*100*Datos!E4=0,0,Datos!Y4*100/(Datos!H4/Datos!D4*100*Datos!E4)) -> 3.7110492 | H4: =IF(Datos!I4+Datos!O4=0,0,Datos!I4/(Datos!I4+Datos!O4)*100) -> 77.405858 | I4: =IF(Datos!K4+Datos!Q4=0,0,Datos!Q4/(Datos!K4+Datos!Q4)*100) -> 62.994522 | J4: =IF(Datos!H4=0,0,Datos!K4/Datos!H4*100) -> 41.276307 | K4: =IF(Datos!N4=0,0,Datos!O4/Datos!N4*100) -> 13.528991 | L4: =IF(Datos!H4=0,0,Datos!I4/Datos!H4*100) -> 43.957909 | M4: =IF(Datos!H4=0,0,Datos!K4/Datos!H4*100) -> 41.276307 | N4: =IF(Datos!N4=0,0,Datos!O4/Datos!N4*100) -> 13.528991 | O4: =IF(Datos!N4=0,0,Datos!Q4/Datos!N4*100) -> 74.08733
A5: =Datos!A5 -> IM-SO-25 | B5: =Datos!AA5*100 -> 96.864023 | C5: =Datos!Y5 -> 3.4022318 | D5: =Datos!Z5 -> 0.18640333 | E5: =Datos!E5 -> 2.2077812 | F5: =IF(Datos!D5=0,0,Datos!F5/Datos!D5*100) -> 19.213974 | G5: =IF(Datos!H5/Datos!D5*100*Datos!E5=0,0,Datos!Y5*100/(Datos!H5/Datos!D5*100*Datos!E5)) -> 3.0347085 | H5: =IF(Datos!I5+Datos!O5=0,0,Datos!I5/(Datos!I5+Datos!O5)*100) -> 85.817199 | I5: =IF(Datos!K5+Datos!Q5=0,0,Datos!Q5/(Datos!K5+Datos!Q5)*100) -> 74.274194 | J5: =IF(Datos!H5=0,0,Datos!K5/Datos!H5*100) -> 13.063063 | K5: =IF(Datos!N5=0,0,Datos!O5/Datos!N5*100) -> 21.829522 | L5: =IF(Datos!H5=0,0,Datos!I5/Datos!H5*100) -> 78.050778 | M5: =IF(Datos!H5=0,0,Datos!K5/Datos!H5*100) -> 13.063063 | N5: =IF(Datos!N5=0,0,Datos!O5/Datos!N5*100) -> 21.829522 | O5: =IF(Datos!N5=0,0,Datos!Q5/Datos!N5*100) -> 63.825364
A6: =Datos!A7 -> IM-SO-27 | B6: =Datos!AA7*100 -> 77.430153 | C6: =Datos!Y7 -> 5.1501951 | D6: =Datos!Z7 -> 1.0632971 | E6: =Datos!E7 -> 2.757807 | F6: =IF(Datos!D7=0,0,Datos!F7/Datos!D7*100) -> 31.465347 | G6: =IF(Datos!H7/Datos!D7*100*Datos!E7=0,0,Datos!Y7*100/(Datos!H7/Datos!D7*100*Datos!E7)) -> 6.5720263 | H6: =IF(Datos!I7+Datos!O7=0,0,Datos!I7/(Datos!I7+Datos!O7)*100) -> 63.178808 | I6: =IF(Datos!K7+Datos!Q7=0,0,Datos!Q7/(Datos!K7+Datos!Q7)*100) -> 75.345976 | J6: =IF(Datos!H7=0,0,Datos!K7/Datos!H7*100) -> 33.519164 | K6: =IF(Datos!N7=0,0,Datos!O7/Datos!N7*100) -> 27.443238 | L6: =IF(Datos!H7=0,0,Datos!I7/Datos!H7*100) -> 66.480836 | M6: =IF(Datos!H7=0,0,Datos!K7/Datos!H7*100) -> 33.519164 | N6: =IF(Datos!N7=0,0,Datos!O7/Datos!N7*100) -> 27.443238 | O6: =IF(Datos!N7=0,0,Datos!Q7/Datos!N7*100) -> 72.556762
A7: =Datos!A8 -> IM-SO-28 | B7: =Datos!AA8*100 -> 92.535091 | C7: =Datos!Y8 -> 1.4122061 | D7: =Datos!Z8 -> 0.3786002 | E7: =Datos!E8 -> 1.173126 | F7: =IF(Datos!D8=0,0,Datos!F8/Datos!D8*100) -> 10.729881 | G7: =IF(Datos!H8/Datos!D8*100*Datos!E8=0,0,Datos!Y8*100/(Datos!H8/Datos!D8*100*Datos!E8)) -> 1.7542611 | H7: =IF(Datos!I8+Datos!O8=0,0,Datos!I8/(Datos!I8+Datos!O8)*100) -> 89.615699 | I7: =IF(Datos!K8+Datos!Q8=0,0,Datos!Q8/(Datos!K8+Datos!Q8)*100) -> 28.208469 | J7: =IF(Datos!H8=0,0,Datos!K8/Datos!H8*100) -> 66.787879 | K7: =IF(Datos!N8=0,0,Datos!O8/Datos!N8*100) -> 12.789527 | L7: =IF(Datos!H8=0,0,Datos!I8/Datos!H8*100) -> 33.212121 | M7: =IF(Datos!H8=0,0,Datos!K8/Datos!H8*100) -> 66.787879 | N7: =IF(Datos!N8=0,0,Datos!O8/Datos!N8*100) -> 12.789527 | O7: =IF(Datos!N8=0,0,Datos!Q8/Datos!N8*100) -> 87.210473
A8: =Datos!A9 -> IM-SO-29 | B8: =Datos!AA9*100 -> 94.658899 | C8: =Datos!Y9 -> 2.0952561 | D8: =Datos!Z9 -> 0.59634137 | E8: =Datos!E9 -> 1.8472621 | F8: =IF(Datos!D9=0,0,Datos!F9/Datos!D9*100) -> 17.381822 | G8: =IF(Datos!H9/Datos!D9*100*Datos!E9=0,0,Datos!Y9*100/(Datos!H9/Datos!D9*100*Datos!E9)) -> 1.645054 | H8: =IF(Datos!I9+Datos!O9=0,0,Datos!I9/(Datos!I9+Datos!O9)*100) -> 96.743531 | I8: =IF(Datos!K9+Datos!Q9=0,0,Datos!Q9/(Datos!K9+Datos!Q9)*100) -> 23.647884 | J8: =IF(Datos!H9=0,0,Datos!K9/Datos!H9*100) -> 59.567456 | K8: =IF(Datos!N9=0,0,Datos!O9/Datos!N9*100) -> 6.864564 | L8: =IF(Datos!H9=0,0,Datos!I9/Datos!H9*100) -> 40.429601 | M8: =IF(Datos!H9=0,0,Datos!K9/Datos!H9*100) -> 59.567456 | N8: =IF(Datos!N9=0,0,Datos!O9/Datos!N9*100) -> 6.864564 | O8: =IF(Datos!N9=0,0,Datos!Q9/Datos!N9*100) -> 93.061224
A9: =Datos!A10 -> IM-SO-31 | B9: =Datos!AA10*100 -> 77.688676 | C9: =Datos!Y10 -> 1.8664557 | D9: =Datos!Z10 -> 0.74291228 | E9: =Datos!E10 -> 1.3955588 | F9: =IF(Datos!D10=0,0,Datos!F10/Datos!D10*100) -> 9.3333333 | G9: =IF(Datos!H10/Datos!D10*100*Datos!E10=0,0,Datos!Y10*100/(Datos!H10/Datos!D10*100*Datos!E10)) -> 2.5394152 | H9: =IF(Datos!I10+Datos!O10=0,0,Datos!I10/(Datos!I10+Datos!O10)*100) -> 74.242424 | I9: =IF(Datos!K10+Datos!Q10=0,0,Datos!Q10/(Datos!K10+Datos!Q10)*100) -> 50.222717 | J9: =IF(Datos!H10=0,0,Datos!K10/Datos!H10*100) -> 56.582278 | K9: =IF(Datos!N10=0,0,Datos!O10/Datos!N10*100) -> 20.877193 | L9: =IF(Datos!H10=0,0,Datos!I10/Datos!H10*100) -> 43.417722 | M9: =IF(Datos!H10=0,0,Datos!K10/Datos!H10*100) -> 56.582278 | N9: =IF(Datos!N10=0,0,Datos!O10/Datos!N10*100) -> 20.877193 | O9: =IF(Datos!N10=0,0,Datos!Q10/Datos!N10*100) -> 79.122807
A10: =Datos!A11 -> IM-SO-32 | B10: =Datos!AA11*100 -> 91.9465 | C10: =Datos!Y11 -> 1.060178 | D10: =Datos!Z11 -> 0.28064327 | E10: =Datos!E11 -> 0.86637104 | F10: =IF(Datos!D11=0,0,Datos!F11/Datos!D11*100) -> 17.589264 | G10: =IF(Datos!H11/Datos!D11*100*Datos!E11=0,0,Datos!Y11*100/(Datos!H11/Datos!D11*100*Datos!E11)) -> 1.9761993 | H10: =IF(Datos!I11+Datos!O11=0,0,Datos!I11/(Datos!I11+Datos!O11)*100) -> 83.264887 | I10: =IF(Datos!K11+Datos!Q11=0,0,Datos!Q11/(Datos!K11+Datos!Q11)*100) -> 35.479544 | J10: =IF(Datos!H11=0,0,Datos!K11/Datos!H11*100) -> 37.229102 | K10: =IF(Datos!N11=0,0,Datos!O11/Datos!N11*100) -> 38.128655 | L10: =IF(Datos!H11=0,0,Datos!I11/Datos!H11*100) -> 62.770898 | M10: =IF(Datos!H11=0,0,Datos!K11/Datos!H11*100) -> 37.229102 | N10: =IF(Datos!N11=0,0,Datos!O11/Datos!N11*100) -> 38.128655 | O10: =IF(Datos!N11=0,0,Datos!Q11/Datos!N11*100) -> 61.871345
A12: PROMEDIO POR MODELO
A13: Modelo | B13: Recup. Au Prom. (%)
A14: ONE_CLASS | B14: =AVERAGEIF(Datos!AC3:AC11,"ONE_CLASS",Datos!AA3:AA11)*100 -> 84.874685
A15: BZA-V1-CH-0,43% | B15: =AVERAGEIF(Datos!AC3:AC11,"BZA-V1-CH-0,43%",Datos!AA3:AA11)*100 -> 88.208048
A16: TNGL-V1-GRN35-0,4%-HR-WR | B16: =AVERAGEIF(Datos!AC3:AC11,"TNGL-V1-GRN35-0,4%-HR-WR",Datos!AA3:AA11)*100 -> 84.817588
A18: BALANCE WATERFALL (Última Prueba)
A19: Categoría | B19: Kg
A20: Peso Tolva | B20: =Datos!D11 -> 83.46
A21: Retenido | B21: =Datos!F11 -> 14.68
A22: Rech. Veta | B22: =Datos!I11 -> 32.44
A23: Rech. Caja | B23: =Datos!K11 -> 19.24
A24: Sel. Veta | B24: =Datos!O11 -> 6.52
A25: Sel. Caja | B25: =Datos!Q11 -> 10.58
